lang,commonName,simplifiedName,numFullNames,numLineNames
English (English),green,green,11711,2820
English (English),purple,purple,9631,2306
English (English),blue,blue,9380,6323
English (English),pink,pink,5809,2395
English (English),brown,brown,4520,10
English (English),red,red,3758,2822
English (English),orange,orange,3053,2933
English (English),teal,teal,2595,809
English (English),magenta,magenta,2592,1424
English (English),yellow,yellow,2545,2569
English (English),grey,gray,1993,3
English (English),lime green,limegreen,1975,1069
English (English),light green,lightgreen,1819,475
English (English),dark green,darkgreen,1757,3
English (English),light blue,lightblue,1660,1325
English (English),violet,violet,1653,370
English (English),turquoise,turquoise,1585,753
English (English),black,black,1561,1
English (English),sky blue,skyblue,1497,1012
English (English),dark blue,darkblue,1425,604
English (English),maroon,maroon,1357,11
English (English),lavender,lavender,1346,35
English (English),forest green,forestgreen,1304,5
English (English),navy blue,navyblue,1257,73
English (English),dark purple,darkpurple,1233,47
English (English),neon green,neongreen,1204,483
English (English),hot pink,hotpink,1148,707
English (English),tan,tan,1103,12
English (English),royal blue,royalblue,1050,601
English (English),fuschia,fuchsia,964,630
English (English),light purple,lightpurple,937,131
English (English),lilac,lilac,912,20
English (English),beige,beige,870,5
English (English),cyan,cyan,852,619
English (English),navy,navy,841,37
English (English),indigo,indigo,817,163
English (English),mauve,mauve,815,21
English (English),lime,lime,757,346
English (English),aqua,aqua,745,509
English (English),peach,peach,731,11
English (English),olive,olive,728,2
English (English),yellow green,yellowgreen,722,405
English (English),bright green,brightgreen,692,213
English (English),mint green,mintgreen,681,299
English (English),olive green,olivegreen,656,4
English (English),mint,mint,635,221
English (English),salmon,salmon,615,18
English (English),periwinkle,periwinkle,614,41
English (English),gold,gold,608,279
English (English),dark pink,darkpink,598,214
English (English),burgundy,burgundy,581,4
English (English),mustard,mustard,580,133
English (English),light brown,lightbrown,550,1
English (English),baby blue,babyblue,478,208
English (English),light pink,lightpink,474,15
English (English),plum,plum,448,3
English (English),burnt orange,burntorange,428,157
English (English),blue green,bluegreen,421,114
English (English),seafoam green,seafoamgreen,412,209
English (English),dark brown,darkbrown,412,0
English (English),grass green,grassgreen,396,50
English (English),rose,rose,395,105
English (English),bright purple,brightpurple,376,55
English (English),army green,armygreen,371,0
English (English),chartreuse,chartreuse,368,166
English (English),dark red,darkred,364,19
English (English),sea green,seagreen,338,136
English (English),coral,coral,323,21
English (English),mustard yellow,mustardyellow,315,64
English (English),blue grey,bluegray,312,1
English (English),pale green,palegreen,310,38
English (English),bright blue,brightblue,307,120
English (English),royal purple,royalpurple,305,30
English (English),seafoam,seafoam,284,140
English (English),aquamarine,aquamarine,278,140
English (English),grey blue,grayblue,273,2
English (English),pastel green,pastelgreen,258,21
English (English),sage,sage,258,0
English (English),brick red,brickred,249,19
English (English),neon purple,neonpurple,247,58
English (English),dark teal,darkteal,247,3
English (English),khaki,khaki,232,1
English (English),bright pink,brightpink,225,80
English (English),kelly green,kellygreen,224,24
English (English),neon pink,neonpink,207,70
English (English),crimson,crimson,203,52
English (English),midnight blue,midnightblue,202,11
English (English),baby pink,babypink,200,0
English (English),cream,cream,196,2
English (English),taupe,taupe,193,0
English (English),eggplant,eggplant,191,1
English (English),hunter green,huntergreen,191,0
English (English),dark orange,darkorange,190,157
English (English),cerulean,cerulean,190,140
English (English),Rust,rust,190,21
English (English),red orange,redorange,189,300
English (English),dark yellow,darkyellow,186,93
English (English),spring green,springgreen,182,54
English (English),moss green,mossgreen,180,4
English (English),dark grey,darkgray,178,0
English (English),sage green,sagegreen,173,1
English (English),grey green,graygreen,173,0
English (English),ocean blue,oceanblue,171,84
English (English),lavendar,lavendar,168,5
English (English),deep purple,deeppurple,165,5
English (English),blue purple,bluepurple,159,39
English (English),sand,sand,158,2
English (English),light yellow,lightyellow,150,17
English (English),wine,wine,148,1
English (English),emerald,emerald,147,12
English (English),light grey,lightgray,143,0
English (English),emerald green,emeraldgreen,141,4
English (English),cobalt,cobalt,140,75
English (English),green blue,greenblue,140,49
English (English),Ochre,ochre,138,22
English (English),pale yellow,paleyellow,138,2
English (English),leaf green,leafgreen,137,22
English (English),green yellow,greenyellow,133,81
English (English),pea green,peagreen,132,16
English (English),dark magenta,darkmagenta,132,6
English (English),sea blue,seablue,129,60
English (English),dusty rose,dustyrose,129,0
English (English),light orange,lightorange,127,156
English (English),pale blue,paleblue,123,28
English (English),burgandy,burgandy,123,4
English (English),purple pink,purplepink,122,48
English (English),neon blue,neonblue,121,111
English (English),pink purple,pinkpurple,117,64
English (English),red brown,redbrown,114,0
English (English),scarlet,scarlet,112,64
English (English),pale pink,palepink,112,0
English (English),deep blue,deepblue,111,49
English (English),electric blue,electricblue,109,78
English (English),bright red,brightred,109,33
English (English),rose pink,rosepink,109,17
English (English),white,white,109,2
English (English),cobalt blue,cobaltblue,107,60
English (English),goldenrod,goldenrod,106,125
English (English),neon yellow,neonyellow,106,115
English (English),brick,brick,105,3
English (English),grape,grape,103,9
English (English),sienna,sienna,100,8
English (English),fushia,fushia,99,82
English (English),raspberry,raspberry,99,47
English (English),slate,slate,99,0
English (English),burnt sienna,burntsienna,97,5
English (English),purple blue,purpleblue,96,24
English (English),pine green,pinegreen,96,0
English (English),forrest green,forrestgreen,96,0
English (English),moss,moss,96,0
English (English),pastel purple,pastelpurple,95,0
English (English),orange red,orangered,90,85
English (English),orchid,orchid,87,16
English (English),puce,puce,86,9
English (English),slate blue,slateblue,86,2
English (English),light teal,lightteal,85,26
English (English),dusty pink,dustypink,85,0
English (English),grey purple,graypurple,83,0
English (English),yellow orange,yelloworange,81,224
English (English),light red,lightred,81,33
English (English),cornflower blue,cornflowerblue,80,69
English (English),puke green,pukegreen,80,18
English (English),Jade,jade,79,2
English (English),evergreen,evergreen,79,0
English (English),blush,blush,77,1
English (English),pastel pink,pastelpink,76,0
English (English),Mahogany,mahogany,76,0
English (English),pastel blue,pastelblue,74,12
English (English),green brown,greenbrown,73,0
English (English),a,a,73,0
English (English),tangerine,tangerine,72,91
English (English),blood red,bloodred,72,8
English (English),yellow brown,yellowbrown,72,0
English (English),medium blue,mediumblue,71,115
English (English),azure,azure,71,60
English (English),steel blue,steelblue,71,1
English (English),purple grey,purplegray,71,0
English (English),orange brown,orangebrown,70,2
English (English),terracotta,terracotta,69,1
English (English),aqua blue,aquablue,68,45
English (English),powder blue,powderblue,68,18
English (English),grass,grass,68,8
English (English),red pink,redpink,67,86
English (English),blue violet,blueviolet,67,12
English (English),salmon pink,salmonpink,66,2
English (English),green grey,greengray,66,0
English (English),pinkish purple,pinkishpurple,64,40
English (English),apple green,applegreen,64,21
English (English),robin's egg blue,robinseggblue,62,43
English (English),greyish blue,grayishblue,62,1
English (English),burnt umber,burntumber,61,2
English (English),greenish yellow,greenishyellow,60,39
English (English),dark violet,darkviolet,60,5
English (English),dark turquoise,darkturquoise,60,4
English (English),ultramarine,ultramarine,59,23
English (English),nude,nude,59,0
English (English),reddish brown,reddishbrown,59,0
English (English),pale purple,palepurple,58,1
English (English),red purple,redpurple,57,6
English (English),bubblegum pink,bubblegumpink,57,6
English (English),pink red,pinkred,56,55
English (English),Forest,forest,56,0
English (English),pinkish red,pinkishred,55,38
English (English),yellowish green,yellowishgreen,54,19
English (English),teal green,tealgreen,54,8
English (English),Umber,umber,54,3
English (English),bronze,bronze,54,2
English (English),swamp green,swampgreen,54,1
English (English),Cornflower,cornflower,53,39
English (English),dull green,dullgreen,53,1
English (English),red violet,redviolet,52,18
English (English),brown green,browngreen,52,0
English (English),deep green,deepgreen,52,0
English (English),Wine red,winered,52,0
English (English),off white,offwhite,51,0
English (English),golden yellow,goldenyellow,49,65
English (English),lavander,lavander,49,1
English (English),silver,silver,49,0
English (English),chocolate,chocolate,48,0
English (English),Pumpkin,pumpkin,47,34
English (English),denim,denim,47,16
English (English),slate grey,slategray,46,0
English (English),greenish brown,greenishbrown,46,0
English (English),prussian blue,prussianblue,45,4
English (English),dusty purple,dustypurple,45,0
English (English),gray brown,graybrown,45,0
English (English),turquiose,turquiose,44,15
English (English),dusty blue,dustyblue,44,3
English (English),Marigold,marigold,43,42
English (English),lemon yellow,lemonyellow,43,41
English (English),deep red,deepred,43,7
English (English),jade green,jadegreen,43,4
English (English),aubergine,aubergine,43,0
English (English),light turquoise,lightturquoise,42,27
English (English),lemon,lemon,42,22
English (English),Berry,berry,42,11
English (English),dark cyan,darkcyan,42,7
English (English),reddish purple,reddishpurple,42,4
English (English),electric purple,electricpurple,42,4
English (English),clay,clay,42,0
English (English),fusia,fusia,41,33
English (English),fluorescent green,fluorescentgreen,41,14
English (English),blush pink,blushpink,41,1
English (English),cerulean blue,ceruleanblue,40,18
English (English),light violet,lightviolet,40,6
English (English),deep pink,deeppink,39,31
English (English),cherry red,cherryred,39,21
English (English),midnight,midnight,39,1
English (English),dull pink,dullpink,39,0
English (English),flesh,flesh,39,0
English (English),dark maroon,darkmaroon,39,0
English (English),greyish purple,grayishpurple,39,0
English (English),aqua green,aquagreen,38,16
English (English),teal blue,tealblue,38,14
English (English),Pistachio,pistachio,38,5
English (English),denim blue,denimblue,38,5
English (English),dark lavender,darklavender,38,1
English (English),chocolate brown,chocolatebrown,38,0
English (English),vermillion,vermillion,37,15
English (English),camo green,camogreen,37,0
English (English),electric green,electricgreen,36,24
English (English),dirty yellow,dirtyyellow,36,12
English (English),yellow ochre,yellowochre,36,9
English (English),Dusky pink,duskypink,36,1
English (English),greenish grey,greenishgray,36,0
English (English),brownish green,brownishgreen,36,0
English (English),pine,pine,36,0
English (English),Coffee,coffee,36,0
English (English),Charcoal,charcoal,36,0
English (English),sky,sky,35,27
English (English),reddish pink,reddishpink,35,26
English (English),light magenta,lightmagenta,35,5
English (English),skin,skin,35,1
English (English),dark tan,darktan,35,0
English (English),dark blue green,darkbluegreen,35,0
English (English),Like green,likegreen,34,13
English (English),dark gold,darkgold,34,4
English (English),dirty green,dirtygreen,34,1
English (English),Mulberry,mulberry,34,1
English (English),greyish green,grayishgreen,34,0
English (English),pastel yellow,pastelyellow,34,0
English (English),dark navy,darknavy,34,0
English (English),medium green,mediumgreen,33,6
English (English),soft green,softgreen,33,4
English (English),apricot,apricot,33,3
English (English),dull purple,dullpurple,33,0
English (English),yello,yello,32,31
English (English),Dandelion,dandelion,32,21
English (English),turqouise,turqouise,32,19
English (English),bright orange,brightorange,32,12
English (English),neon,neon,32,8
English (English),Copper,copper,32,4
English (English),dull blue,dullblue,32,3
English (English),Ivory,ivory,32,2
English (English),muted green,mutedgreen,32,0
English (English),bright yellow,brightyellow,31,48
English (English),greenish blue,greenishblue,31,9
English (English),eggshell,eggshell,31,1
English (English),midnight purple,midnightpurple,31,1
English (English),olive drab,olivedrab,31,0
English (English),golden brown,goldenbrown,31,0
English (English),eggplant purple,eggplantpurple,31,0
English (English),military green,militarygreen,31,0
English (English),amber,amber,30,19
English (English),faded green,fadedgreen,30,3
English (English),brown red,brownred,30,1
English (English),sap green,sapgreen,30,0
English (English),plum purple,plumpurple,30,0
English (English),asdf,asdf,30,0
English (English),periwinkle blue,periwinkleblue,29,9
English (English),purple red,purplered,29,1
English (English),navy green,navygreen,29,0
English (English),tree green,treegreen,29,0
English (English),cool grey,coolgray,29,0
English (English),dark beige,darkbeige,29,0
English (English),Caramel,caramel,29,0
English (English),blood orange,bloodorange,28,29
English (English),pale orange,paleorange,28,4
English (English),Amethyst,amethyst,28,2
English (English),warm grey,warmgray,28,0
English (English),marine blue,marineblue,27,14
English (English),dark lilac,darklilac,27,2
English (English),dark olive green,darkolivegreen,27,0
English (English),Sepia,sepia,27,0
English (English),cerise,cerise,26,20
English (English),bright teal,brightteal,26,8
English (English),blueish purple,blueishpurple,26,5
English (English),puke,puke,26,3
English (English),vomit,vomit,26,2
English (English),bubblegum,bubblegum,26,1
English (English),Dark Navy Blue,darknavyblue,26,0
English (English),muted purple,mutedpurple,26,0
English (English),dark peach,darkpeach,26,0
English (English),b,b,26,0
English (English),orange yellow,orangeyellow,25,56
English (English),true blue,trueblue,25,16
English (English),Royal,royal,25,9
English (English),blueish green,blueishgreen,25,7
English (English),muted blue,mutedblue,25,4
English (English),ice blue,iceblue,25,4
English (English),Dark mauve,darkmauve,25,2
English (English),bluish purple,bluishpurple,25,2
English (English),auburn,auburn,25,2
English (English),fern,fern,25,1
English (English),dark olive,darkolive,25,0
English (English),dusty green,dustygreen,25,0
English (English),dark forest green,darkforestgreen,25,0
English (English),Chestnut,chestnut,25,0
English (English),Scarlett,scarlett,24,11
English (English),purplish blue,purplishblue,24,3
English (English),pruple,pruple,24,2
English (English),burgendy,burgendy,24,0
English (English),Bottle green,bottlegreen,24,0
English (English),lilac purple,lilacpurple,24,0
English (English),y,y,24,0
English (English),highlighter green,highlightergreen,23,11
English (English),ruby,ruby,23,9
English (English),medium purple,mediumpurple,23,7
English (English),Rouge,rouge,23,2
English (English),camel,camel,23,1
English (English),Steel,steel,23,0
English (English),grey pink,graypink,23,0
English (English),light olive,lightolive,23,0
English (English),brown yellow,brownyellow,23,0
English (English),muted pink,mutedpink,23,0
English (English),blueish grey,blueishgray,23,0
English (English),reddish orange,reddishorange,22,14
English (English),vomit green,vomitgreen,22,2
English (English),perriwinkle,perriwinkle,22,1
English (English),very dark green,verydarkgreen,22,0
English (English),light tan,lighttan,22,0
English (English),golden,golden,21,13
English (English),Cherry,cherry,21,13
English (English),barbie pink,barbiepink,21,11
English (English),tiffany blue,tiffanyblue,21,10
English (English),bluish green,bluishgreen,21,9
English (English),turquise,turquise,21,6
English (English),Dark fuschia,darkfuchsia,21,1
English (English),avocado green,avocadogreen,21,0
English (English),burnt red,burntred,21,0
English (English),khaki green,khakigreen,21,0
English (English),seaweed,seaweed,21,0
English (English),pumpkin orange,pumpkinorange,20,20
English (English),mid blue,midblue,20,15
English (English),fire engine red,fireenginered,20,14
English (English),rose red,rosered,20,12
English (English),purplish pink,purplishpink,20,7
English (English),light aqua,lightaqua,20,6
English (English),hot purple,hotpurple,20,5
English (English),dark salmon,darksalmon,20,2
English (English),cadet blue,cadetblue,20,2
English (English),bright magenta,brightmagenta,20,2
English (English),dark rose,darkrose,20,2
English (English),soft pink,softpink,20,1
English (English),dark yellow green,darkyellowgreen,20,1
English (English),muave,muave,20,0
English (English),bluish grey,bluishgray,20,0
English (English),mustard green,mustardgreen,20,0
English (English),light olive green,lightolivegreen,20,0
English (English),Avocado,avocado,20,0
English (English),mud brown,mudbrown,20,0
English (English),ocean,ocean,19,11
English (English),light blue green,lightbluegreen,19,11
English (English),ultramarine blue,ultramarineblue,19,11
English (English),fucsia,fucsia,19,10
English (English),light cyan,lightcyan,19,8
English (English),crimson red,crimsonred,19,3
English (English),violet blue,violetblue,19,3
English (English),pale red,palered,19,3
English (English),dark indigo,darkindigo,19,1
English (English),coral pink,coralpink,19,1
English (English),carnation pink,carnationpink,19,0
English (English),jungle green,junglegreen,19,0
English (English),Oxblood,oxblood,19,0
English (English),powder pink,powderpink,19,0
English (English),faded purple,fadedpurple,19,0
English (English),Purple brown,purplebrown,19,0
English (English),greyish brown,grayishbrown,19,0
English (English),warm brown,warmbrown,19,0
English (English),marroon,marroon,19,0
English (English),turquoise green,turquoisegreen,18,8
English (English),lime yellow,limeyellow,18,8
English (English),light lime green,lightlimegreen,18,7
English (English),Robin's Egg,robinsegg,18,7
English (English),Cool green,coolgreen,18,4
English (English),shamrock,shamrock,18,2
English (English),dull yellow,dullyellow,18,2
English (English),brown orange,brownorange,18,1
English (English),deep violet,deepviolet,18,1
English (English),blue black,blueblack,18,0
English (English),chartruse,chartruse,17,19
English (English),Fuchia,fuchia,17,12
English (English),Cranberry,cranberry,17,7
English (English),bright violet,brightviolet,17,5
English (English),violet purple,violetpurple,17,4
English (English),faded blue,fadedblue,17,4
English (English),very dark blue,verydarkblue,17,3
English (English),greenish,greenish,17,2
English (English),ocean green,oceangreen,17,2
English (English),very light green,verylightgreen,17,1
English (English),deep magenta,deepmagenta,17,1
English (English),leafy green,leafygreen,17,1
English (English),idk,idk,17,0
English (English),pale brown,palebrown,17,0
English (English),dirt brown,dirtbrown,17,0
English (English),brown-grey,browngray,17,0
English (English),muddy green,muddygreen,17,0
English (English),very dark purple,verydarkpurple,17,0
English (English),dusky rose,duskyrose,17,0
English (English),steel gray,steelgray,17,0
English (English),rust orange,rustorange,16,7
English (English),Spearmint,spearmint,16,6
English (English),burnt yellow,burntyellow,16,6
English (English),rusty orange,rustyorange,16,6
English (English),soft blue,softblue,16,5
English (English),dull orange,dullorange,16,5
English (English),Electric Pink,electricpink,16,4
English (English),ruby red,rubyred,16,4
English (English),dark mint,darkmint,16,2
English (English),darker green,darkergreen,16,2
English (English),Dark mustard,darkmustard,16,2
English (English),scarlet red,scarletred,16,2
English (English),velvet,velvet,16,2
English (English),baby purple,babypurple,16,1
English (English),biege,biege,16,0
English (English),light lavender,lightlavender,16,0
English (English),Dirt,dirt,16,0
English (English),pastel orange,pastelorange,16,0
English (English),greige,greige,16,0
English (English),rust red,rustred,16,0
English (English),grape purple,grapepurple,16,0
English (English),d,d,16,0
English (English),highlighter yellow,highlighteryellow,15,19
English (English),strawberry,strawberry,15,13
English (English),dark sky blue,darkskyblue,15,11
English (English),redish pink,redishpink,15,9
English (English),sunflower yellow,sunfloweryellow,15,8
English (English),sapphire,sapphire,15,8
English (English),light sky blue,lightskyblue,15,7
English (English),light lime,lightlime,15,5
English (English),dark lime green,darklimegreen,15,5
English (English),melon,melon,15,4
English (English),neon teal,neonteal,15,4
English (English),Primary blue,primaryblue,15,3
English (English),vibrant purple,vibrantpurple,15,3
English (English),torquoise,torquoise,15,3
English (English),dusky blue,duskyblue,15,1
English (English),iris,iris,15,1
English (English),pear,pear,15,1
English (English),murky green,murkygreen,15,0
English (English),mossy green,mossygreen,15,0
English (English),sand yellow,sandyellow,15,0
English (English),asparagus,asparagus,15,0
English (English),duck egg blue,duckeggblue,15,0
English (English),mid green,midgreen,15,0
English (English),dark plum,darkplum,15,0
English (English),dark periwinkle,darkperiwinkle,15,0
English (English),poop brown,poopbrown,15,0
English (English),yellow tan,yellowtan,15,0
English (English),turquoise blue,turquoiseblue,14,13
English (English),Sunflower,sunflower,14,10
English (English),puple,puple,14,8
English (English),acid green,acidgreen,14,8
English (English),green apple,greenapple,14,8
English (English),Light neon green,lightneongreen,14,6
English (English),robin egg blue,robineggblue,14,6
English (English),light yellow green,lightyellowgreen,14,5
English (English),majenta,majenta,14,4
English (English),fuchsia pink,fuchsiapink,14,2
English (English),Blurple,blurple,14,2
English (English),ugly green,uglygreen,14,1
English (English),light maroon,lightmaroon,14,1
English (English),tea green,teagreen,14,0
English (English),spruce,spruce,14,0
English (English),Mud,mud,14,0
English (English),hazel,hazel,14,0
English (English),yellowish brown,yellowishbrown,14,0
English (English),deep brown,deepbrown,14,0
English (English),army,army,14,0
English (English),Mocha,mocha,14,0
English (English),jean blue,jeanblue,14,0
English (English),canary yellow,canaryyellow,13,14
English (English),tomato red,tomatored,13,4
English (English),Azure blue,azureblue,13,4
English (English),deep sea blue,deepseablue,13,4
English (English),slime green,slimegreen,13,4
English (English),bright mint,brightmint,13,3
English (English),key lime,keylime,13,3
English (English),Fusha,fusha,13,2
English (English),butter yellow,butteryellow,13,2
English (English),dark mint green,darkmintgreen,13,2
English (English),darkish blue,darkishblue,13,2
English (English),dark aqua,darkaqua,13,1
English (English),brownish orange,brownishorange,13,1
English (English),sapphire blue,sapphireblue,13,1
English (English),pale grey,palegray,13,0
English (English),soft purple,softpurple,13,0
English (English),light navy,lightnavy,13,0
English (English),tan brown,tanbrown,13,0
English (English),marron,marron,13,0
English (English),peach pink,peachpink,13,0
English (English),muted yellow,mutedyellow,13,0
English (English),Chestnut brown,chestnutbrown,13,0
English (English),darkish green,darkishgreen,13,0
English (English),tan green,tangreen,13,0
English (English),pea soup,peasoup,13,0
English (English),Drab green,drabgreen,13,0
English (English),charcoal gray,charcoalgray,13,0
English (English),rust brown,rustbrown,13,0
English (English),Dusky purple,duskypurple,13,0
English (English),line green,linegreen,12,10
English (English),yellow-gold,yellowgold,12,9
English (English),chartruese,chartruese,12,6
English (English),honey,honey,12,6
English (English),Firetruck Red,firetruckred,12,4
English (English),Indigo blue,indigoblue,12,4
English (English),lavender purple,lavenderpurple,12,3
English (English),fluro green,flurogreen,12,3
English (English),dark coral,darkcoral,12,1
English (English),perrywinkle,perrywinkle,12,1
English (English),carmine,carmine,12,1
English (English),seaweed green,seaweedgreen,12,1
English (English),sandstone,sandstone,12,0
English (English),avacado,avacado,12,0
English (English),Ecru,ecru,12,0
English (English),brownish red,brownishred,12,0
English (English),Heather,heather,12,0
English (English),gross green,grossgreen,12,0
English (English),Irish green,irishgreen,12,0
English (English),dark lime,darklime,12,0
English (English),swamp,swamp,12,0
English (English),raw umber,rawumber,12,0
English (English),russet,russet,12,0
English (English),Racing green,racinggreen,12,0
English (English),Medium brown,mediumbrown,12,0
English (English),olive brown,olivebrown,12,0
English (English),green gold,greengold,12,0
English (English),pinkish brown,pinkishbrown,12,0
English (English),dark grey blue,darkgrayblue,12,0
English (English),brown purple,brownpurple,12,0
English (English),w,w,12,0
"Korean (한국어, 조선어)",보라색,보라,801,128
"Korean (한국어, 조선어)",연두색,연두,644,161
"Korean (한국어, 조선어)",파랑,파랑,620,249
"Korean (한국어, 조선어)",초록색,초록,509,45
"Korean (한국어, 조선어)",자주색,자주,409,67
"Korean (한국어, 조선어)",갈색,갈,406,4
"Korean (한국어, 조선어)",하늘색,하늘,399,189
"Korean (한국어, 조선어)",연보라색,연보라,387,9
"Korean (한국어, 조선어)",분홍색,분홍,361,66
"Korean (한국어, 조선어)",청록색,청록,352,35
"Korean (한국어, 조선어)",남색,남,307,15
"Korean (한국어, 조선어)",빨강,빨강,287,141
"Korean (한국어, 조선어)",녹색,녹,273,9
"Korean (한국어, 조선어)",주황색,주황,244,136
"Korean (한국어, 조선어)",황토색,황토,188,6
"Korean (한국어, 조선어)",검정,검정,183,0
"Korean (한국어, 조선어)",노랑,노랑,178,109
"Korean (한국어, 조선어)",풀색,풀,169,2
"Korean (한국어, 조선어)",민트색,민트,148,17
"Korean (한국어, 조선어)",진분홍,진분홍,132,42
"Korean (한국어, 조선어)",회색,회,132,0
"Korean (한국어, 조선어)",에메랄드,에메랄드,129,28
"Korean (한국어, 조선어)",핑크,핑크,119,25
"Korean (한국어, 조선어)",군청색,군청,119,10
"Korean (한국어, 조선어)",진보라,진보라,119,4
"Korean (한국어, 조선어)",다홍색,다홍,116,37
"Korean (한국어, 조선어)",고동색,고동,103,0
"Korean (한국어, 조선어)",진녹색,진녹,98,0
"Korean (한국어, 조선어)",연녹색,연녹,93,5
"Korean (한국어, 조선어)",살구색,살구,90,0
"Korean (한국어, 조선어)",형광연두,형광연두,89,35
"Korean (한국어, 조선어)",카키색,카키,86,0
"Korean (한국어, 조선어)",연분홍,연분홍,81,2
"Korean (한국어, 조선어)",핫핑크,핫핑크,80,19
"Korean (한국어, 조선어)",올리브색,올리브,79,0
"Korean (한국어, 조선어)",연갈색,연갈,78,0
"Korean (한국어, 조선어)",옥색,옥,69,21
"Korean (한국어, 조선어)",베이지색,베이지,68,0
"Korean (한국어, 조선어)",적갈색,적갈,68,0
"Korean (한국어, 조선어)",겨자색,겨자,65,3
"Korean (한국어, 조선어)",진초록,진초록,60,0
"Korean (한국어, 조선어)",연초록,연초록,55,15
"Korean (한국어, 조선어)",형광보라색,형광보라,52,5
"Korean (한국어, 조선어)",마젠타,마젠타,49,9
"Korean (한국어, 조선어)",형광초록,형광초록,45,7
"Korean (한국어, 조선어)",밝은 보라색,밝은보라,44,5
"Korean (한국어, 조선어)",짙은녹색,짙은녹,43,0
"Korean (한국어, 조선어)",연파랑,연파랑,42,34
"Korean (한국어, 조선어)",청색,청,41,11
"Korean (한국어, 조선어)",진파랑,진파랑,40,14
"Korean (한국어, 조선어)",라임색,라임,39,15
"Korean (한국어, 조선어)",자홍색,자홍,36,11
"Korean (한국어, 조선어)",밝은연두,밝은연두,35,12
"Korean (한국어, 조선어)",살색,살,35,0
"Korean (한국어, 조선어)",상아색,상아,34,2
"Korean (한국어, 조선어)",바다색,바다,33,13
"Korean (한국어, 조선어)",형광녹색,형광녹,33,7
"Korean (한국어, 조선어)",금색,금,33,1
"Korean (한국어, 조선어)",쑥색,쑥,33,0
"Korean (한국어, 조선어)",벽돌색,벽돌,33,0
"Korean (한국어, 조선어)",짙은보라색,짙은보라,33,0
"Korean (한국어, 조선어)",개나리색,개나리,32,19
"Korean (한국어, 조선어)",연노랑,연노랑,32,7
"Korean (한국어, 조선어)",진홍색,진홍,31,13
"Korean (한국어, 조선어)",코발트블루,코발트블루,31,1
"Korean (한국어, 조선어)",청보라,청보라,30,0
"Korean (한국어, 조선어)",형광하늘색,형광하늘,29,8
"Korean (한국어, 조선어)",짙은 초록,짙은초록,29,0
"Korean (한국어, 조선어)",진갈색,진갈,29,0
"Korean (한국어, 조선어)",남보라,남보라,28,2
"Korean (한국어, 조선어)",진청색,진청,28,0
"Korean (한국어, 조선어)",황갈색,황갈,27,0
"Korean (한국어, 조선어)",청회색,청회,27,0
"Korean (한국어, 조선어)",연하늘,연하늘,26,11
"Korean (한국어, 조선어)",연청록,연청록,26,2
"Korean (한국어, 조선어)",와인색,와인,26,0
"Korean (한국어, 조선어)",귤색,귤,25,13
"Korean (한국어, 조선어)",형광색,형광,25,7
"Korean (한국어, 조선어)",꽃분홍,꽃분홍,25,1
"Korean (한국어, 조선어)",진한연두색,진연두,24,14
"Korean (한국어, 조선어)",곤색,곤,24,0
"Korean (한국어, 조선어)",짙은분홍,짙은분홍,22,12
"Korean (한국어, 조선어)",황록색,황록,22,6
"Korean (한국어, 조선어)",밝은파랑,밝은파랑,21,19
"Korean (한국어, 조선어)",진하늘,진하늘,21,15
"Korean (한국어, 조선어)",오렌지,오렌지,21,14
"Korean (한국어, 조선어)",짙은 하늘색,짙은하늘,21,11
"Korean (한국어, 조선어)",짙은파랑,짙은파랑,21,9
"Korean (한국어, 조선어)",밝은 초록,밝은초록,21,7
"Korean (한국어, 조선어)",진빨강,진빨강,21,5
"Korean (한국어, 조선어)",형광분홍,형광분홍,21,3
"Korean (한국어, 조선어)",밝은 녹색,밝은녹,20,5
"Korean (한국어, 조선어)",짙은 갈색,짙은갈,20,0
"Korean (한국어, 조선어)",국방색,국방,20,0
"Korean (한국어, 조선어)",연주황,연주황,19,6
"Korean (한국어, 조선어)",감색,감,19,3
"Korean (한국어, 조선어)",연자주,연자주,19,1
"Korean (한국어, 조선어)",짙은 연두색,짙은연두,19,1
"Korean (한국어, 조선어)",아이보리색,아이보리,19,0
"Korean (한국어, 조선어)",진달래색,진달래,18,5
"Korean (한국어, 조선어)",레몬색,레몬,18,4
"Korean (한국어, 조선어)",붉은색,붉은,18,3
"Korean (한국어, 조선어)",소라색,소라,18,0
"Korean (한국어, 조선어)",적색,적,18,0
"Korean (한국어, 조선어)",자두색,자두,17,4
"Korean (한국어, 조선어)",바이올렛,바이올렛,17,1
"Korean (한국어, 조선어)",연한연두색,연연두,17,1
"Korean (한국어, 조선어)",어두운 보라색,어두운보라,17,0
"Korean (한국어, 조선어)",진노랑,진노랑,16,19
"Korean (한국어, 조선어)",버건디,버건디,16,0
"Korean (한국어, 조선어)",검붉은색,검붉은,16,0
"Korean (한국어, 조선어)",코랄,코랄,16,0
"Korean (한국어, 조선어)",연남색,연남,16,0
"Korean (한국어, 조선어)",진회색,진회,16,0
"Korean (한국어, 조선어)",주홍,주홍,15,9
"Korean (한국어, 조선어)",형광핑크,형광핑크,15,4
"Korean (한국어, 조선어)",밝은 청록색,밝은청록,15,3
"Korean (한국어, 조선어)",황색,황,15,3
"Korean (한국어, 조선어)",짙은남색,짙은남,15,0
"Korean (한국어, 조선어)",회보라색,회보라,15,0
"Korean (한국어, 조선어)",탁한분홍,탁한분홍,15,0
"Korean (한국어, 조선어)",적보라색,적보라,15,0
"Korean (한국어, 조선어)",탁한보라색,탁한보라,15,0
"Korean (한국어, 조선어)",진청록,진청록,14,1
"Korean (한국어, 조선어)",연청색,연청,14,1
"Korean (한국어, 조선어)",연핑크,연핑크,14,1
"Korean (한국어, 조선어)",인디핑크,인디핑크,14,0
"Korean (한국어, 조선어)",올리브그린,올리브그린,14,0
"Korean (한국어, 조선어)",짙은자주색,짙은자주,14,0
"Korean (한국어, 조선어)",라벤더,라벤더,13,2
"Korean (한국어, 조선어)",옅은보라색,옅은보라,13,1
"Korean (한국어, 조선어)",네이비,네이비,13,1
"Korean (한국어, 조선어)",형광노랑,형광노랑,12,3
"Korean (한국어, 조선어)",선홍색,선홍,12,1
"Korean (한국어, 조선어)",회갈색,회갈,12,0
"Korean (한국어, 조선어)",짙은회색,짙은회,12,0
"Korean (한국어, 조선어)",황녹,황녹,12,0
"Korean (한국어, 조선어)",녹두색,녹두,12,0
"Korean (한국어, 조선어)",짙은풀색,짙은풀,12,0
"Chinese (中文 (Zhōngwén), 汉语, 漢語)",紫色,紫,315,73
"Chinese (中文 (Zhōngwén), 汉语, 漢語)",绿,绿,315,58
"Chinese (中文 (Zhōngwén), 汉语, 漢語)",蓝,蓝,255,139
"Chinese (中文 (Zhōngwén), 汉语, 漢語)",深蓝,深蓝,144,69
"Chinese (中文 (Zhōngwén), 汉语, 漢語)",深绿,深绿,134,2
"Chinese (中文 (Zhōngwén), 汉语, 漢語)",粉色,粉,129,31
"Chinese (中文 (Zhōngwén), 汉语, 漢語)",草绿,草绿,120,37
"Chinese (中文 (Zhōngwén), 汉语, 漢語)",棕色,棕,120,0
"Chinese (中文 (Zhōngwén), 汉语, 漢語)",红,红,102,71
"Chinese (中文 (Zhōngwén), 汉语, 漢語)",深紫色,深紫,101,6
"Chinese (中文 (Zhōngwén), 汉语, 漢語)",浅绿,浅绿,98,16
"Chinese (中文 (Zhōngwén), 汉语, 漢語)",紫红,紫红,92,26
"Chinese (中文 (Zhōngwén), 汉语, 漢語)",土黄,土黄,89,29
"Chinese (中文 (Zhōngwén), 汉语, 漢語)",天蓝,天蓝,86,79
"Chinese (中文 (Zhōngwén), 汉语, 漢語)",青色,青,85,35
"Chinese (中文 (Zhōngwén), 汉语, 漢語)",黄绿,黄绿,84,34
"Chinese (中文 (Zhōngwén), 汉语, 漢語)",黑色,黑,82,0
"Chinese (中文 (Zhōngwén), 汉语, 漢語)",浅紫,浅紫,76,5
"Chinese (中文 (Zhōngwén), 汉语, 漢語)",黄,黄,74,76
"Chinese (中文 (Zhōngwén), 汉语, 漢語)",蓝紫,蓝紫,74,9
"Chinese (中文 (Zhōngwén), 汉语, 漢語)",蓝绿,蓝绿,72,27
"Chinese (中文 (Zhōngwén), 汉语, 漢語)",橙色,橙,68,48
"Chinese (中文 (Zhōngwén), 汉语, 漢語)",粉红,粉红,63,23
"Chinese (中文 (Zhōngwén), 汉语, 漢語)",粉紫,粉紫,62,19
"Chinese (中文 (Zhōngwén), 汉语, 漢語)",墨绿,墨绿,61,0
"Chinese (中文 (Zhōngwén), 汉语, 漢語)",灰色,灰,59,0
"Chinese (中文 (Zhōngwén), 汉语, 漢語)",亮绿,亮绿,58,17
"Chinese (中文 (Zhōngwén), 汉语, 漢語)",青绿,青绿,51,22
"Chinese (中文 (Zhōngwén), 汉语, 漢語)",灰绿,灰绿,50,0
"Chinese (中文 (Zhōngwén), 汉语, 漢語)",褐色,褐,46,0
"Chinese (中文 (Zhōngwén), 汉语, 漢語)",浅蓝,浅蓝,43,34
"Chinese (中文 (Zhōngwén), 汉语, 漢語)",玫红,玫红,42,31
"Chinese (中文 (Zhōngwén), 汉语, 漢語)",灰蓝,灰蓝,42,2
"Chinese (中文 (Zhōngwén), 汉语, 漢語)",淡紫色,淡紫,41,5
"Chinese (中文 (Zhōngwén), 汉语, 漢語)",肉色,肉,40,0
"Chinese (中文 (Zhōngwén), 汉语, 漢語)",淡绿,淡绿,38,8
"Chinese (中文 (Zhōngwén), 汉语, 漢語)",荧光绿,荧光绿,36,19
"Chinese (中文 (Zhōngwén), 汉语, 漢語)",深红,深红,35,2
"Chinese (中文 (Zhōngwén), 汉语, 漢語)",桃红,桃红,32,25
"Chinese (中文 (Zhōngwén), 汉语, 漢語)",橘色,橘,31,26
"Chinese (中文 (Zhōngwén), 汉语, 漢語)",亮紫,亮紫,31,10
"Chinese (中文 (Zhōngwén), 汉语, 漢語)",1,1,30,0
"Chinese (中文 (Zhōngwén), 汉语, 漢語)",紫罗兰,紫罗蓝,29,6
"Chinese (中文 (Zhōngwén), 汉语, 漢語)",咖啡,咖啡,29,0
"Chinese (中文 (Zhōngwén), 汉语, 漢語)",品红,品红,28,8
"Chinese (中文 (Zhōngwén), 汉语, 漢語)",深棕,深棕,28,0
"Chinese (中文 (Zhōngwén), 汉语, 漢語)",深粉,深粉,26,9
"Chinese (中文 (Zhōngwén), 汉语, 漢語)",灰紫,灰紫,26,0
"Chinese (中文 (Zhōngwén), 汉语, 漢語)",暗紫,暗紫,24,0
"Chinese (中文 (Zhōngwén), 汉语, 漢語)",淡蓝,淡蓝,23,30
"Chinese (中文 (Zhōngwén), 汉语, 漢語)",藏青,藏青,23,0
"Chinese (中文 (Zhōngwén), 汉语, 漢語)",湖蓝,湖蓝,22,15
"Chinese (中文 (Zhōngwén), 汉语, 漢語)",靛蓝,靛蓝,22,8
"Chinese (中文 (Zhōngwén), 汉语, 漢語)",砖红,砖红,22,0
"Chinese (中文 (Zhōngwén), 汉语, 漢語)",蓝灰,蓝灰,21,0
"Chinese (中文 (Zhōngwén), 汉语, 漢語)",洋红,洋红,20,4
"Chinese (中文 (Zhōngwén), 汉语, 漢語)",橄榄绿,橄榄绿,20,0
"Chinese (中文 (Zhōngwén), 汉语, 漢語)",翠绿,翠绿,19,10
"Chinese (中文 (Zhōngwén), 汉语, 漢語)",暗绿色,暗绿,19,0
"Chinese (中文 (Zhōngwén), 汉语, 漢語)",酒红,酒红,19,0
"Chinese (中文 (Zhōngwén), 汉语, 漢語)",青蓝,青蓝,18,10
"Chinese (中文 (Zhōngwén), 汉语, 漢語)",靛,靛,18,4
"Chinese (中文 (Zhōngwén), 汉语, 漢語)",暗红,暗红,18,1
"Chinese (中文 (Zhōngwén), 汉语, 漢語)",浅棕,浅棕,18,0
"Chinese (中文 (Zhōngwén), 汉语, 漢語)",軍綠,军绿,17,0
"Chinese (中文 (Zhōngwén), 汉语, 漢語)",大红,大红,16,21
"Chinese (中文 (Zhōngwén), 汉语, 漢語)",红棕,红棕,16,0
"Chinese (中文 (Zhōngwén), 汉语, 漢語)",宝蓝,宝蓝,15,14
"Chinese (中文 (Zhōngwén), 汉语, 漢語)",橙红,橙红,15,9
"Chinese (中文 (Zhōngwén), 汉语, 漢語)",水蓝,水蓝,15,5
"Chinese (中文 (Zhōngwén), 汉语, 漢語)",棕黄,棕黄,15,0
"Chinese (中文 (Zhōngwén), 汉语, 漢語)",棕绿,棕绿,15,0
"Chinese (中文 (Zhōngwén), 汉语, 漢語)",亮蓝,亮蓝,14,14
"Chinese (中文 (Zhōngwén), 汉语, 漢語)",橘红,橘红,13,20
"Chinese (中文 (Zhōngwén), 汉语, 漢語)",亮粉,亮粉,13,5
"Chinese (中文 (Zhōngwén), 汉语, 漢語)",藏蓝,藏蓝,13,0
"Chinese (中文 (Zhōngwén), 汉语, 漢語)",土色,土,13,0
"Chinese (中文 (Zhōngwén), 汉语, 漢語)",海蓝,海蓝,12,11
"Chinese (中文 (Zhōngwén), 汉语, 漢語)",浅黄,浅黄,12,3
"Chinese (中文 (Zhōngwén), 汉语, 漢語)",嫩绿,嫩绿,12,3
"Chinese (中文 (Zhōngwén), 汉语, 漢語)",米色,米,12,0
"Chinese (中文 (Zhōngwén), 汉语, 漢語)",棕红,棕红,12,0
"Chinese (中文 (Zhōngwén), 汉语, 漢語)",紫黑,紫黑,12,0
Spanish (español),Verde,verde,419,204
Spanish (español),azul,azul,284,315
Spanish (español),Morado,morado,198,95
Spanish (español),Rosa,rosa,190,109
Spanish (español),violeta,violeta,113,42
Spanish (español),Rojo,rojo,107,149
Spanish (español),Naranja,naranja,84,166
Spanish (español),Lila,lila,82,18
Spanish (español),gris,gris,76,0
Spanish (español),amarillo,amarillo,75,157
Spanish (español),Marrón,marrón,65,0
Spanish (español),Turquesa,turquesa,64,54
Spanish (español),Fucsia,fucsia,62,94
Spanish (español),celeste,celeste,54,70
Spanish (español),Magenta,magenta,53,79
Spanish (español),Verde oscuro,verdeoscuro,52,1
Spanish (español),verde claro,verdeclaro,48,25
Spanish (español),Azul marino,azulmarino,48,25
Spanish (español),negro,negro,46,0
Spanish (español),Púrpura,púrpura,45,26
Spanish (español),Azul oscuro,azuloscuro,43,25
Spanish (español),cafe,cafe,39,0
Spanish (español),azul cielo,azulcielo,32,28
Spanish (español),Verde limón,verdelimón,32,24
Spanish (español),marron,marron,26,0
Spanish (español),ocre,ocre,25,5
Spanish (español),Mostaza,mostaza,24,10
Spanish (español),Beige,beige,23,1
Spanish (español),azul claro,azulclaro,22,46
Spanish (español),Verde agua,verdeagua,22,19
Spanish (español),Verde oliva,verdeoliva,22,1
Spanish (español),cian,cyan,21,52
Spanish (español),Café,café,20,0
Spanish (español),verde lima,verdelima,18,14
Spanish (español),morado oscuro,moradooscuro,18,2
Spanish (español),aguamarina,aguamarina,16,23
Spanish (español),Azul rey,azulrey,16,20
Spanish (español),Verde azulado,verdeazulado,16,5
Spanish (español),Verde militar,verdemilitar,16,0
Spanish (español),Lima,lima,14,12
Spanish (español),Azul eléctrico,azuleléctrico,14,11
Spanish (español),Salmón,salmón,14,1
Spanish (español),marrón claro,marrónclaro,14,0
Spanish (español),Vino,vino,14,0
Spanish (español),Lila oscuro,lilaoscuro,13,0
Spanish (español),rosado oscuro,rosaoscuro,12,11
Spanish (español),Verde pastel,verdepastel,12,3
Spanish (español),Piel,piel,12,0
Spanish (español),Granate,granate,12,0
Spanish (español),morado claro,moradoclaro,12,0
German (Deutsch),Grün,grün,230,178
German (Deutsch),Blau,blau,220,298
German (Deutsch),Lila,lila,183,145
German (Deutsch),Rot,rot,120,172
German (Deutsch),Braun,braun,120,0
German (Deutsch),Pink,pink,117,178
German (Deutsch),Violett,violett,115,29
German (Deutsch),Türkis,türkis,112,134
German (Deutsch),Hellgrün,hellgrün,106,84
German (Deutsch),Dunkelgrün,dunkelgrün,98,0
German (Deutsch),Orange,orange,89,208
German (Deutsch),Dunkelblau,dunkelblau,86,67
German (Deutsch),Rosa,rosa,86,32
German (Deutsch),Hellblau,hellblau,73,127
German (Deutsch),Gelb,gelb,56,136
German (Deutsch),Schwarz,schwarz,48,0
German (Deutsch),Beige,beige,44,1
German (Deutsch),Grau,grau,42,0
German (Deutsch),Neongrün,neongrün,40,36
German (Deutsch),Ocker,ocker,39,7
German (Deutsch),Grasgrün,grasgrün,38,8
German (Deutsch),magenta,magenta,37,57
German (Deutsch),rotbraun,rotbraun,30,0
German (Deutsch),Dunkelbraun,dunkelbraun,30,0
German (Deutsch),flieder,flieder,29,5
German (Deutsch),Hellbraun,hellbraun,28,2
German (Deutsch),Dunkellila,dunkellila,26,4
German (Deutsch),Dunkelrot,dunkelrot,26,4
German (Deutsch),gelbgrün,gelbgrün,25,18
German (Deutsch),Himmelblau,himmelblau,23,37
German (Deutsch),olivgrün,olivgrün,21,0
German (Deutsch),Petrol,petrol,21,0
German (Deutsch),Graugrün,graugrün,19,0
German (Deutsch),Altrosa,altrosa,18,0
German (Deutsch),Dunkelviolett,dunkelviolett,18,0
German (Deutsch),Weinrot,weinrot,18,0
German (Deutsch),Königsblau,königsblau,16,19
German (Deutsch),Giftgrün,giftgrün,15,16
German (Deutsch),blassgrün,blassgrün,15,4
German (Deutsch),Purpur,purpur,15,4
German (Deutsch),waldgrün,waldgrün,15,0
German (Deutsch),Blaugrün,blaugrün,14,5
German (Deutsch),Helllila,helllila,14,4
German (Deutsch),Violet,violet,13,9
German (Deutsch),Blaugrau,blaugrau,13,1
German (Deutsch),lavendel,lavendel,13,1
German (Deutsch),Graublau,graublau,12,0
German (Deutsch),Hautfarben,hautfarben,12,0
German (Deutsch),Graubraun,graubraun,12,0
Persian (Farsi) (فارسی),سبز,سبز,344,77
Persian (Farsi) (فارسی),بنفش,بنفش,262,78
Persian (Farsi) (فارسی),آبی,آبی,174,115
Persian (Farsi) (فارسی),قرمز,قرمز,109,72
Persian (Farsi) (فارسی),صورتی,صورتی,107,51
Persian (Farsi) (فارسی),قهوه ای,قهوهآی,82,0
Persian (Farsi) (فارسی),نارنجی,نارنجی,64,62
Persian (Farsi) (فارسی),زرد,زرد,46,50
Persian (Farsi) (فارسی),سبز لجنی,سبزلجنی,41,2
Persian (Farsi) (فارسی),سبز چمنی,سبزچمنی,39,6
Persian (Farsi) (فارسی),خردلی,خردلی,38,13
Persian (Farsi) (فارسی),آبی نفتی,آبینفتی,34,17
Persian (Farsi) (فارسی),سبز آبی,سبزآبی,34,15
Persian (Farsi) (فارسی),سرخابی,سرخابی,33,24
Persian (Farsi) (فارسی),سبز روشن,سبزروشن,33,18
Persian (Farsi) (فارسی),سبز فسفری,سبزفسفری,31,22
Persian (Farsi) (فارسی),گلبهی,گلبهی,31,4
Persian (Farsi) (فارسی),سبز تیره,سبزتیره,31,0
Persian (Farsi) (فارسی),فیروزه ای,فیروزهآی,30,8
Persian (Farsi) (فارسی),آبی آسمانی,آبیآسمانی,27,30
Persian (Farsi) (فارسی),زرشکی,زرشکی,27,3
Persian (Farsi) (فارسی),آجری,آجری,26,4
Persian (Farsi) (فارسی),سرمه ای,سرمهآی,25,1
Persian (Farsi) (فارسی),آبی تیره,آبیتیره,24,12
Persian (Farsi) (فارسی),سبز پسته ای,سبزپستهآی,23,4
Persian (Farsi) (فارسی),فسفری,فسفری,22,10
Persian (Farsi) (فارسی),سورمه ای,سورمهآی,21,2
Persian (Farsi) (فارسی),خاکستری,خاکستری,21,0
Persian (Farsi) (فارسی),ارغوانی,آرغوانی,20,3
Persian (Farsi) (فارسی),بنفش تیره,بنفشتیره,20,1
Persian (Farsi) (فارسی),یاسی,یاسی,20,1
Persian (Farsi) (فارسی),یشمی,یشمی,20,1
Persian (Farsi) (فارسی),کرم,کرم,20,0
Persian (Farsi) (فارسی),طوسی,طوسی,19,0
Persian (Farsi) (فارسی),سبز کم رنگ,سبزکمرنگ,18,6
Persian (Farsi) (فارسی),بنفش روشن,بنفشروشن,18,2
Persian (Farsi) (فارسی),نیلی,نیلی,17,4
Persian (Farsi) (فارسی),آبی کاربنی,آبیکاربنی,15,10
Persian (Farsi) (فارسی),آبی فیروزه ای,آبیفیروزهآی,14,10
Persian (Farsi) (فارسی),سبز پررنگ,سبزپررنگ,13,1
Persian (Farsi) (فارسی),آبی روشن,آبیروشن,12,20
Persian (Farsi) (فارسی),بادمجانی,بادمجانی,12,1
Persian (Farsi) (فارسی),سبز یشمی,سبزیشمی,12,1
Persian (Farsi) (فارسی),سیاه,سیاه,12,0
Persian (Farsi) (فارسی),قهوه‌ای,قهوهای,12,0
"French (français, langue française)",vert,vert,274,210
"French (français, langue française)",bleu,bleu,204,300
"French (français, langue française)",violet,violet,186,129
"French (français, langue française)",rose,rose,143,110
"French (français, langue française)",marron,marron,88,1
"French (français, langue française)",rouge,rouge,80,131
"French (français, langue française)",mauve,mauve,69,34
"French (français, langue française)",orange,orange,64,165
"French (français, langue française)",turquoise,turquoisese,58,59
"French (français, langue française)",jaune,jaune,56,132
"French (français, langue française)",Vert foncé,vertfoncé,49,1
"French (français, langue française)",bleu marine,bleumarinee,44,30
"French (français, langue française)",vert clair,vertclair,43,22
"French (français, langue française)",bleu ciel,bleubleuciel,39,49
"French (français, langue française)",Brun,brun,37,0
"French (français, langue française)",Kaki,kaki,36,2
"French (français, langue française)",fushia,fuchsia,34,61
"French (français, langue française)",noir,noir,34,0
"French (français, langue française)",beige,beige,33,3
"French (français, langue française)",gris,gris,33,0
"French (français, langue française)",vert fluo,vertfluo,31,17
"French (français, langue française)",magenta,magenta,28,44
"French (français, langue française)",bordeaux,bordeaux,28,0
"French (français, langue française)",vert pomme,vertpomme,24,23
"French (français, langue française)",bleu clair,bleuclair,22,38
"French (français, langue française)",bleu foncé,bleufoncé,22,20
"French (français, langue française)",cyan,cyan,21,36
"French (français, langue française)",bleu roi,bleuroi,20,15
"French (français, langue française)",indigo,indigo,20,11
"French (français, langue française)",pourpre,pourpre,20,10
"French (français, langue française)",violet foncé,violetfoncé,20,3
"French (français, langue française)",Lavande,lavande,19,0
"French (français, langue française)",Saumon,saumon,19,0
"French (français, langue française)",ocre,ocre,16,5
"French (français, langue française)",jaune moutarde,jaunemoutarde,15,5
"French (français, langue française)",Bleu nuit,bleunuit,15,2
"French (français, langue française)",Bleu gris,bleugris,15,0
"French (français, langue française)",vert d'eau,vertd'eau,14,16
"French (français, langue française)",Prune,prune,14,0
"French (français, langue française)",Taupe,taupe,13,0
"French (français, langue française)",vert forêt,vertforêt,13,0
"French (français, langue française)",bleu turquoise,bleuturquoisese,12,14
"French (français, langue française)",vert kaki,vertkaki,12,0
"French (français, langue française)",vert sapin,vertsapin,12,0
Russian (Русский),зеленый,зеленый,121,64
Russian (Русский),синий,синий,86,124
Russian (Русский),фиолетовый,фиолетовый,84,54
Russian (Русский),коричневый,коричневый,69,0
Russian (Русский),розовый,розовый,61,63
Russian (Русский),голубой,голубой,53,109
Russian (Русский),красный,красный,46,68
Russian (Русский),желтый,желтый,36,72
Russian (Русский),оранжевый,оранжевый,33,76
Russian (Русский),салатовый,салатовый,33,41
Russian (Русский),пурпурный,пурпурный,31,15
Russian (Русский),бирюзовый,бирюзовый,30,45
Russian (Русский),сиреневый,сиреневый,29,17
Russian (Русский),светло-зеленый,светлозеленый,24,13
Russian (Русский),серый,серый,24,0
Russian (Русский),фуксия,фуксия,22,22
Russian (Русский),темно-зеленый,темнозеленый,20,2
Russian (Русский),бежевый,бежевый,19,0
Russian (Русский),темно-синий,темносиний,18,19
Russian (Русский),мятный,мятный,18,11
Russian (Русский),Оливковый,оливковый,18,1
Russian (Русский),Лиловый,лиловый,15,4
Russian (Русский),малиновый,малиновый,14,25
Russian (Русский),темно-фиолетовый,темнофиолетовый,13,4
Russian (Русский),черный,черный,13,0
Russian (Русский),бордовый,бордовый,12,2
Russian (Русский),серо-зелёный,серозеленый,12,0
Portuguese (português),verde,verde,154,128
Portuguese (português),azul,azul,134,223
Portuguese (português),roxo,roxo,102,64
Portuguese (português),rosa,rosa,74,101
Portuguese (português),marrom,marrom,50,0
Portuguese (português),lilás,lilás,46,6
Portuguese (português),laranja,laranja,39,100
Portuguese (português),vermelho,vermelho,37,76
Portuguese (português),amarelo,amarelo,34,96
Portuguese (português),verde claro,verdeclaro,34,31
Portuguese (português),Azul escuro,azulescuro,30,34
Portuguese (português),cinza,cinza,25,0
Portuguese (português),vinho,vinho,23,0
Portuguese (português),verde escuro,verdeescuro,23,0
Portuguese (português),Azul marinho,azulmarinho,21,15
Portuguese (português),bege,bege,21,1
Portuguese (português),azul claro,azulclaro,20,60
Portuguese (português),Magenta,magenta,20,25
Portuguese (português),verde musgo,verdemusgo,18,0
Portuguese (português),Preto,preto,17,0
Portuguese (português),violeta,violeta,16,17
Portuguese (português),ciano,ciano,14,30
Portuguese (português),Verde limão,verdelimão,14,23
Portuguese (português),Verde água,verdeágua,14,20
Portuguese (português),Rosa choque,rosachoque,13,26
"Dutch (Nederlands, Vlaams)",groen,groen,120,75
"Dutch (Nederlands, Vlaams)",blauw,blauw,100,111
"Dutch (Nederlands, Vlaams)",paars,paars,94,59
"Dutch (Nederlands, Vlaams)",bruin,bruin,52,0
"Dutch (Nederlands, Vlaams)",roze,roze,51,38
"Dutch (Nederlands, Vlaams)",oranje,oranje,36,58
"Dutch (Nederlands, Vlaams)",rood,rood,34,52
"Dutch (Nederlands, Vlaams)",donkerblauw,donkerblauw,31,25
"Dutch (Nederlands, Vlaams)",lichtblauw,lichtblauw,30,30
"Dutch (Nederlands, Vlaams)",lichtgroen,lichtgroen,26,16
"Dutch (Nederlands, Vlaams)",donkergroen,donkergroen,24,0
"Dutch (Nederlands, Vlaams)",geel,geel,21,33
"Dutch (Nederlands, Vlaams)",donkerpaars,donkerpaars,20,3
"Dutch (Nederlands, Vlaams)",lila,lila,19,3
"Dutch (Nederlands, Vlaams)",zwart,zwart,17,0
"Dutch (Nederlands, Vlaams)",grijs,grijs,15,0
"Dutch (Nederlands, Vlaams)",beige,beige,14,0
"Dutch (Nederlands, Vlaams)",turquoise,turquoise,13,17
"Dutch (Nederlands, Vlaams)",magenta,magenta,13,13
Swedish (svenska),Grön,grön,63,160
Swedish (svenska),Lila,lila,54,108
Swedish (svenska),Blå,blå,53,243
Swedish (svenska),Rosa,rosa,31,99
Swedish (svenska),Brun,brun,30,2
Swedish (svenska),Turkos,turkos,27,90
Swedish (svenska),ljusgrön,ljusgrön,26,12
Swedish (svenska),mörkblå,mörkblå,23,41
Swedish (svenska),Gul,gul,22,102
Swedish (svenska),Röd,röd,21,121
Swedish (svenska),Limegrön,limegrön,21,24
Swedish (svenska),ljusblå,ljusblå,20,58
Swedish (svenska),Orange,orange,19,109
Swedish (svenska),Mörklila,mörklila,16,5
Swedish (svenska),Mörkgrön,mörkgrön,15,2
Swedish (svenska),Svart,svart,15,0
Swedish (svenska),Mintgrön,mintgrön,12,8
"Polish (język polski, polszczyzna)",zielony,zielony,131,150
"Polish (język polski, polszczyzna)",niebieski,niebieski,103,217
"Polish (język polski, polszczyzna)",fioletowy,fioletowy,95,83
"Polish (język polski, polszczyzna)",różowy,różowy,59,113
"Polish (język polski, polszczyzna)",czerwony,czerwony,40,92
"Polish (język polski, polszczyzna)",brązowy,brązowy,37,0
"Polish (język polski, polszczyzna)",pomarańczowy,pomarańczowy,33,110
"Polish (język polski, polszczyzna)",granatowy,granatowy,30,17
"Polish (język polski, polszczyzna)",żółty,żółty,23,84
"Polish (język polski, polszczyzna)",szary,szary,20,0
"Polish (język polski, polszczyzna)",ciemnozielony,ciemnozielony,20,0
"Polish (język polski, polszczyzna)",czarny,czarny,18,0
"Polish (język polski, polszczyzna)",turkusowy,turkusowy,16,38
"Polish (język polski, polszczyzna)",jasnozielony,jasnozielony,14,21
"Polish (język polski, polszczyzna)",seledynowy,seledynowy,12,19
"Polish (język polski, polszczyzna)",bordowy,bordowy,12,0
"Finnish (suomi, suomen kieli)",vihreä,vihreä,42,62
"Finnish (suomi, suomen kieli)",sininen,sininen,41,110
"Finnish (suomi, suomen kieli)",violetti,violetti,25,46
"Finnish (suomi, suomen kieli)",Liila,liila,24,17
"Finnish (suomi, suomen kieli)",pinkki,pinkki,20,43
"Finnish (suomi, suomen kieli)",ruskea,ruskea,20,0
"Finnish (suomi, suomen kieli)",oranssi,oranssi,18,71
"Finnish (suomi, suomen kieli)",vaaleanvihreä,vaaleanvihreä,17,14
"Finnish (suomi, suomen kieli)",tummansininen,tummansininen,16,21
"Finnish (suomi, suomen kieli)",vaaleansininen,vaaleansininen,15,43
"Finnish (suomi, suomen kieli)",punainen,punainen,14,55
"Finnish (suomi, suomen kieli)",turkoosi,turkoosi,14,49
Romanian (limba română),verde,verde,32,97
Romanian (limba română),roz,roz,15,59
Romanian (limba română),mov,mov,15,48
Romanian (limba română),albastru,albastru,12,133
